customer_id,customer_name,email,registration_date,customer_type
1,Tammy Bryan,rodgersjonathan@example.com,2024-10-05,REGULAR
2,David Daniel,christine14@example.net,2024-08-06,REGULAR
3,Christopher Webb,ydalton@example.net,2025-04-10,PREMIUM
4,Cody Jimenez,allenjeffrey@example.net,2024-03-16,VIP
5,Rodney Moore,dawnwillis@example.net,2024-02-04,PREMIUM
6,Erica Green,bryan36@example.com,2025-03-06,PREMIUM
7,Jacqueline Burke,moralesmitchell@example.com,2025-05-29,VIP
8,Jonathan Schroeder,ann65@example.net,2025-01-26,REGULAR
9,Jacqueline Adams,lharrell@example.org,2024-12-31,PREMIUM
10,Casey King,janice97@example.com,2025-02-10,VIP
11,Phillip Scott,shannonanderson@example.net,2023-09-11,VIP
12,Amy Carney,cmiranda@example.com,2023-11-23,VIP
13,Emily Turner,schang@example.org,2024-06-13,REGULAR
14,Jose Wiley,amy77@example.net,2023-07-10,PREMIUM
15,Kimberly Young,mjones@example.net,2026-03-06,VIP
16,Beverly Barnes,buchananandrew@example.net,2025-06-10,REGULAR
17,Amanda Singh,brettrichardson@example.com,2025-06-22,VIP
18,Larry Reyes,montgomeryhaley@example.org,2024-10-02,PREMIUM
19,Stacie Walker,qhensley@example.net,2024-03-26,VIP
20,Christopher Flores,howard54@example.org,2024-03-31,PREMIUM
21,Jessica Gay,smelton@example.com,2025-01-29,REGULAR
22,Courtney Ball,umontoya@example.net,2025-11-10,VIP
23,Kathleen Crosby,mackenzieharris@example.net,2024-06-19,PREMIUM
24,Tiffany Robbins,woodssusan@example.net,2024-10-17,VIP
25,Melvin Lucas,kellymoore@example.com,2023-10-27,PREMIUM
26,Gregory Becker,sjones@example.org,2023-08-27,PREMIUM
27,Derek Short,frances03@example.org,2026-06-21,PREMIUM
28,Billy Coleman,thomasanthony@example.com,2023-07-28,VIP
29,Joseph Luna,robert80@example.net,2023-12-10,REGULAR
30,Michael Cortez,santosnicole@example.com,2024-08-12,PREMIUM
31,Nathaniel Barton,brandy56@example.com,2026-02-26,VIP
32,Tony Walker,eturner@example.net,2025-04-17,PREMIUM
33,Marissa Buckley,shanegarcia@example.org,2025-04-27,VIP
34,Kenneth Murphy,grahamadam@example.org,2026-05-30,REGULAR
35,Brooke Martin,ryanthomas@example.org,2024-07-02,PREMIUM
36,Karen Boyd,rachel28@example.net,2025-09-14,REGULAR
37,Ashlee Harmon,vmiller@example.org,2026-04-06,VIP
38,Keith Ortiz,matthewbell@example.org,2025-03-14,PREMIUM
39,David Garcia,acole@example.org,2023-11-29,REGULAR
40,Eric Ashley,craigjennifer@example.org,2024-12-30,PREMIUM
41,Ricardo Zimmerman,alexcarlson@example.org,2026-04-05,REGULAR
42,Michael Miller,rodriguezpaul@example.org,2024-03-27,PREMIUM
43,Rachel Garcia,petersondwayne@example.org,2026-05-24,PREMIUM
44,Danielle Long,epope@example.org,2024-05-22,PREMIUM
45,Ronald Adkins,angela61@example.org,2024-04-23,PREMIUM
46,Kristy Williams,sabrina80@example.org,2025-10-02,REGULAR
47,Roberto Castillo,wagnertraci@example.net,2024-06-08,PREMIUM
48,Angel Hicks,xyz@yahoo,2024-08-29,PREMIUM
49,Toni Lindsey,eclements@example.org,2025-07-12,VIP
50,Jennifer Roberts,xyz@yahoo,2026-07-03,VIP
51,Bethany Browning,abcgmail.com,2024-02-23,REGULAR
52,Alex Shannon,marthawatson@example.org,2024-06-21,VIP
53,Brittany Phillips,cooperrachel@example.com,2026-03-14,REGULAR
54,Jessica Ellis,darrell61@example.org,2023-09-20,VIP
55,Amanda Nash,vjimenez@example.net,2023-08-02,PREMIUM
56,Mary Martinez,matthewshaw@example.net,2024-08-15,REGULAR
57,Jennifer Tyler,carlajacobs@example.com,2026-05-07,VIP
58,Mr. Bryan Meadows,william47@example.net,2026-06-23,REGULAR
59,Brianna Kennedy,christopher97@example.org,2023-09-20,REGULAR
60,Sherry Crosby,shawdonald@example.net,2026-05-07,REGULAR
61,Katherine Lee,melissa81@example.net,2023-08-30,VIP
62,Juan Roberts,aobrien@example.org,2026-06-02,REGULAR
63,Mariah Castro,stevengarcia@example.org,2024-04-01,REGULAR
64,Patrick Coleman,tmaddox@example.org,2023-09-05,VIP
65,Ms. Kelly Carlson,xgordon@example.org,2024-05-16,PREMIUM
66,Kim Jones,marshalljuan@example.net,2025-02-21,VIP
67,Stephen Knight,jennifer40@example.org,2025-09-03,VIP
68,Brian Bell,maryallen@example.com,2026-04-29,PREMIUM
69,Randy Davies,jonathanpowell@example.net,2023-10-11,PREMIUM
70,Richard Thomas,ianelliott@example.org,2025-10-31,REGULAR
71,Holly Meyers,rstevens@example.org,2023-10-29,VIP
72,Erin Jimenez,cmassey@example.com,2025-07-21,VIP
73,Elizabeth Pace,harrylee@example.net,2023-08-10,PREMIUM
74,Brenda Ortiz,carol81@example.com,2024-06-26,REGULAR
75,Yolanda Cooley,wallvincent@example.org,2024-02-06,REGULAR
76,Preston Vazquez,sheliadyer@example.net,2024-07-31,REGULAR
77,Vanessa Johnson,willisbonnie@example.net,2023-11-15,VIP
78,Michael Watkins,fcooper@example.org,2023-07-29,VIP
79,Julie Evans,vrobinson@example.com,2025-07-08,VIP
80,Matthew Harris,elizabethrocha@example.net,2023-08-05,REGULAR
81,Gary Taylor,swalker@example.com,2024-07-07,REGULAR
82,Troy Caldwell,elizabeth32@example.net,2023-08-18,PREMIUM
83,Marc Patterson,john24@example.net,2024-03-20,VIP
84,Alexander Mayer,lsanchez@example.net,2024-08-06,PREMIUM
85,Michelle Elliott,joshua75@example.org,2023-11-29,REGULAR
86,Kenneth Mcguire,kristinmann@example.com,2023-11-11,VIP
87,Sandra Dennis,wagnerfrancisco@example.org,2026-01-09,VIP
88,Richard Martin,abcgmail.com,2025-12-03,PREMIUM
89,Amber Wright,paulhall@example.com,2026-01-17,VIP
90,Morgan Porter,bakerrebecca@example.com,2026-02-03,REGULAR
91,Sheila Nichols,barbara83@example.org,2025-08-09,PREMIUM
92,Daniel Diaz,martin13@example.org,2025-08-21,VIP
93,Christopher York,xmendez@example.org,2024-04-21,VIP
94,Elizabeth Henry,steven12@example.org,2023-11-18,PREMIUM
95,Cody Ballard,hartmanmelissa@example.net,2024-07-31,PREMIUM
96,Dennis Barrera,brosario@example.net,2026-05-14,REGULAR
97,Allison Dominguez,jerry74@example.net,2025-08-23,REGULAR
98,Veronica Delgado,xyz@yahoo,2026-06-14,PREMIUM
99,Melissa Garcia,tara66@example.net,2026-04-19,VIP
100,Elizabeth Terry,rodriguezkara@example.org,2023-09-04,REGULAR
101,Maria Lee,hallmaurice@example.net,2025-04-15,REGULAR
102,Taylor Ayala,harrisjulia@example.org,2026-03-31,PREMIUM
103,John Kirby,qdaniels@example.org,2023-08-19,PREMIUM
104,Kevin Beck,wanderson@example.net,2026-03-25,VIP
105,Sheri Martin,kristen47@example.com,2023-08-14,VIP
106,Dustin Boyd,williamstracey@example.com,2024-12-25,VIP
107,Nathan Smith,nicholsmary@example.net,2026-02-06,VIP
108,Michael Stevens,fgutierrez@example.net,2024-01-18,REGULAR
109,Gloria Smith,olivertimothy@example.org,2025-01-09,REGULAR
110,Karen Mcneil,elizabeth52@example.net,2023-09-15,VIP
111,Jody Bolton,robert24@example.net,2025-03-04,PREMIUM
112,Dustin Ray,phillipsbrian@example.net,2025-08-25,VIP
113,Michael Ray,blynch@example.com,2024-04-04,PREMIUM
114,James Zhang,vschwartz@example.com,2023-11-22,PREMIUM
115,Johnny Wood,daniellewhite@example.com,2023-09-11,REGULAR
116,Gregory Bell,juliekirk@example.org,2025-12-24,VIP
117,Cassandra Schneider,james20@example.net,2023-07-20,REGULAR
118,Joshua Nguyen,katherinethomas@example.org,2024-08-27,PREMIUM
119,Alexander Kennedy,douglas39@example.org,2024-04-13,VIP
120,Whitney Wheeler,brian01@example.org,2025-02-18,REGULAR
121,Brad Mills,kevinsmith@example.net,2026-01-23,REGULAR
122,Linda Anderson,pauldavis@example.com,2026-06-10,VIP
123,Jeffrey Mathis,hopkinsmario@example.com,2024-12-24,REGULAR
124,Tyler Joyce,srojas@example.net,2025-07-08,VIP
125,Martha Newman,billy98@example.org,2026-06-30,VIP
126,Shannon Rice,jacobjohnson@example.net,2025-06-04,VIP
127,Luis Thomas,nthomas@example.org,2024-05-01,REGULAR
128,Kathleen Robinson,butlertrevor@example.com,2024-12-11,VIP
129,April Bradshaw,ronaldhoward@example.org,2026-06-12,REGULAR
130,Daniel Jones,david21@example.net,2024-01-14,PREMIUM
131,Linda Cortez,brianna37@example.com,2025-03-25,VIP
132,Cynthia Haas,tiffanyallen@example.net,2026-06-13,PREMIUM
133,Heather Williams,jenniferberry@example.org,2026-03-01,REGULAR
134,Dawn Francis,dmacdonald@example.net,2024-03-26,PREMIUM
135,Kaitlin Brown,onguyen@example.net,2026-02-07,PREMIUM
136,Dawn Murray,rebeccagamble@example.org,2026-02-13,PREMIUM
137,Nicole Jones,martinezdana@example.net,2025-11-19,VIP
138,Susan Murray,sanchezjonathan@example.org,2023-10-27,REGULAR
139,Christopher Martinez,wilsonsamantha@example.org,2026-05-19,PREMIUM
140,Chelsea Hernandez,dorothymiller@example.org,2026-07-08,VIP
141,Manuel Yoder,jonathan48@example.org,2023-11-28,VIP
142,Andrea Weaver,angelatorres@example.org,2025-09-14,REGULAR
143,Jennifer Durham,danieldurham@example.org,2024-12-14,REGULAR
144,Michael Walters,marquezjames@example.org,2025-02-25,REGULAR
145,Tara Camacho,xcook@example.com,2024-08-09,PREMIUM
146,Carol Sanders,clyons@example.com,2023-11-30,VIP
147,Jamie Padilla,smithjoshua@example.com,2026-04-28,PREMIUM
148,Monica Olson,alexandra32@example.org,2025-05-27,PREMIUM
149,Brianna Griffith,greenjim@example.com,2025-03-29,VIP
150,Christopher Scott,garrettlaura@example.com,2024-01-22,VIP
151,John Peters,wmaddox@example.net,2026-04-16,REGULAR
152,Valerie Jackson,whiteaustin@example.org,2025-02-03,VIP
153,Abigail Webb,adamblack@example.com,2025-01-25,PREMIUM
154,Thomas Lambert,piercejack@example.org,2025-04-04,PREMIUM
155,Heather Sullivan,dwade@example.org,2024-05-04,PREMIUM
156,Andrew Hernandez,rhernandez@example.com,2025-10-23,VIP
157,Brent Dean,stephen46@example.org,2025-11-13,PREMIUM
158,Alison Mitchell,annabrown@example.org,2024-08-26,VIP
159,Andrew Stewart,charles88@example.org,2024-07-25,REGULAR
160,Brian Wright,christinaprice@example.net,2024-03-08,PREMIUM
161,Cheryl Dominguez,brandi09@example.org,2023-07-23,REGULAR
162,Thomas Burgess,wwhite@example.net,2024-08-11,REGULAR
163,James Dixon,michael37@example.net,2024-05-10,VIP
164,Ryan Ford,xyz@yahoo,2023-07-13,VIP
165,Edward Mitchell,testrada@example.org,2023-09-09,PREMIUM
166,David Carr,llong@example.org,2024-05-17,PREMIUM
167,Laura Saunders,deborah05@example.net,2023-11-04,VIP
168,Patrick Baker,heather85@example.net,2025-05-09,VIP
169,Tracey Warren,braunchristopher@example.net,2026-04-08,REGULAR
170,Heather Rose,davidmoreno@example.com,2023-12-17,VIP
171,Brandon Snyder,egreer@example.com,2025-05-24,VIP
172,Nathan Mccann,jessica03@example.com,2024-06-19,PREMIUM
173,Ricky Washington,reedtina@example.com,2023-07-20,VIP
174,Leslie Williams,ljohnson@example.net,2025-05-05,PREMIUM
175,Kristina Wells,angieolsen@example.net,2025-05-28,VIP
176,Amy Christian,karen70@example.net,2024-08-03,PREMIUM
177,Tabitha Johnson,qramirez@example.org,2024-12-15,VIP
178,William Tanner,joshua17@example.org,2024-06-27,VIP
179,Michael Poole,enorman@example.net,2025-09-14,PREMIUM
180,Maxwell Long,monica80@example.com,2025-12-20,VIP
181,Lindsey Kim,emmavasquez@example.com,2024-08-05,VIP
182,Curtis Gonzales,kenneth62@example.org,2024-06-28,VIP
183,Mrs. Christina Fox,sheri03@example.net,2023-12-12,REGULAR
184,Casey Short,singletonsuzanne@example.net,2025-10-24,REGULAR
185,Paul Gutierrez,bellpaul@example.org,2025-10-01,REGULAR
186,Kenneth Collins,dphillips@example.org,2024-04-13,REGULAR
187,Christopher Romero,rossrobert@example.com,2026-03-21,VIP
188,Sara Weiss,veronicagardner@example.org,2024-05-10,VIP
189,Jay Avila,zadams@example.com,2023-10-16,VIP
190,Melanie Watson,harriscesar@example.com,2025-05-03,PREMIUM
191,Philip Payne,jacob83@example.com,2026-02-13,VIP
192,Cynthia Collins,yperez@example.net,2024-08-04,PREMIUM
193,James Wilson,michaelsanchez@example.org,2025-10-18,PREMIUM
194,Bruce Eaton,olsonbarbara@example.com,2026-05-01,REGULAR
195,Phillip Santana,mark82@example.net,2024-05-20,VIP
196,James Cruz,jmurphy@example.com,2025-01-19,PREMIUM
197,Oscar Foster,sheri64@example.com,2024-11-09,REGULAR
198,Christina Martinez,fisherjoan@example.com,2025-10-13,PREMIUM
199,Heidi Perez,josephbryan@example.com,2024-02-29,VIP
200,Jonathon Davis,lisa14@example.com,2025-06-11,PREMIUM
201,Elizabeth Maddox,leeglenn@example.com,2025-04-25,VIP
202,John Chavez,lauradelgado@example.net,2026-02-15,VIP
203,Amy Doyle,chungshawn@example.org,2025-07-12,VIP
204,Austin Hill,jeffreywright@example.net,2024-03-03,REGULAR
205,Brenda Wheeler,philliphernandez@example.com,2026-01-05,PREMIUM
206,Jessica Sandoval,ingramerin@example.com,2024-09-25,PREMIUM
207,John Willis,tracycurry@example.com,2024-01-22,PREMIUM
208,Beth Martin,haleybenjamin@example.com,2023-09-10,PREMIUM
209,Mary Reeves,riveracarla@example.net,2024-12-23,VIP
210,Andrew Torres,cjones@example.net,2026-01-26,REGULAR
211,Sharon Oconnor,thompsonsarah@example.org,2024-05-04,REGULAR
212,Jonathan Perry,hperez@example.com,2024-02-21,REGULAR
213,Gerald Jackson,kellymiller@example.net,2025-06-05,REGULAR
214,Jesse Rivera,georgebates@example.com,2025-05-16,PREMIUM
215,David Hall,angelicatran@example.org,2026-03-13,PREMIUM
216,Melanie Butler,thomas68@example.org,2023-07-28,PREMIUM
217,Brandon Bradley,shanechase@example.com,2023-08-26,VIP
218,Michael Gray,grace23@example.org,2025-08-18,VIP
219,Crystal Wilson,crossvictoria@example.net,2024-12-31,VIP
220,Taylor Robinson,rebekahnelson@example.com,2024-07-24,PREMIUM
221,Richard Cervantes,davidnash@example.org,2025-11-18,PREMIUM
222,Kenneth Kelly,macdonaldedward@example.net,2024-04-18,PREMIUM
223,Phillip Price,sandersjames@example.net,2024-01-18,PREMIUM
224,Dr. Patricia Berry,jacksonamber@example.org,2025-06-07,REGULAR
225,Patrick Schultz,benjaminrobinson@example.com,2025-03-25,PREMIUM
226,Larry Cox,chris92@example.org,2024-07-10,VIP
227,Brian Rangel,lori89@example.com,2025-10-16,PREMIUM
228,Dominic Reyes,louis40@example.net,2023-10-28,VIP
229,Courtney Mcintyre,millerjohn@example.net,2025-10-05,REGULAR
230,Sherry Sweeney,smejia@example.net,2025-02-18,VIP
231,Joshua Griffith,rhondaestes@example.net,2024-10-20,REGULAR
232,Ruth Greene,kristen83@example.net,2024-12-19,PREMIUM
233,Jennifer Lee,galvankenneth@example.net,2025-04-29,VIP
234,Bradley Andrews,mrobinson@example.com,2025-04-09,PREMIUM
235,Deanna Jacobs,danielle14@example.net,2025-03-09,PREMIUM
236,Steven Conway,chernandez@example.org,2024-08-27,PREMIUM
237,Gabrielle Wallace,andrewsdavid@example.com,2024-01-11,VIP
238,Christina Sullivan,vmontgomery@example.com,2025-09-25,PREMIUM
239,Christopher Young,dgray@example.net,2023-11-20,REGULAR
240,Mark Krause,christinebarton@example.com,2026-01-08,VIP
241,Randall Reid,mark78@example.com,2025-08-12,VIP
242,Susan Brown,thorntonjoshua@example.com,2023-08-02,PREMIUM
243,David Strickland,toddedwards@example.net,2026-04-23,PREMIUM
244,Mark White,wujoseph@example.org,2024-09-09,PREMIUM
245,Lauren Shaffer,jennifermacdonald@example.net,2024-06-01,VIP
246,Alexander Smith,perrylauren@example.org,2024-11-11,PREMIUM
247,Andrea Parker,garciaangela@example.com,2026-05-16,VIP
248,Gabrielle Bernard,vincent14@example.org,2026-01-30,REGULAR
249,Andrew James,isaac55@example.net,2026-01-29,REGULAR
250,Rhonda Shaw,aaronmatthews@example.org,2026-02-11,PREMIUM
251,Thomas Wright,fritzlarry@example.org,2023-08-18,REGULAR
252,Tyler Baker,mannjames@example.org,2025-02-18,PREMIUM
253,Cassie Whitaker,bellalexander@example.com,2024-08-09,PREMIUM
254,Sheila Martinez,walexander@example.net,2025-01-05,PREMIUM
255,Brandon Taylor,nguyenjanet@example.com,2024-12-22,VIP
256,Andrew Johns,lking@example.org,2025-10-07,VIP
257,John Meyers,zvelasquez@example.net,2023-12-25,REGULAR
258,William George,youngmatthew@example.net,2024-07-22,PREMIUM
259,Cassandra Fisher,spencerchristine@example.org,2025-03-23,REGULAR
260,David Armstrong,horr@example.org,2024-05-26,PREMIUM
261,Raymond Bell,haroldholland@example.net,2026-04-16,VIP
262,John Cox,paulbright@example.com,2024-03-29,REGULAR
263,Justin Swanson,william39@example.org,2026-06-30,VIP
264,Pamela Ball,allisonortiz@example.org,2025-01-07,VIP
265,Brian Cardenas,mharding@example.com,2024-10-18,PREMIUM
266,Theresa Marsh,daniel33@example.org,2024-09-07,VIP
267,Sheri Perez,coopersharon@example.net,2025-11-16,REGULAR
268,James Wilcox,johnsonbradley@example.org,2024-03-19,VIP
269,Stephanie Haas,markshah@example.com,2023-11-30,VIP
270,Amber Navarro,onealveronica@example.com,2024-07-10,VIP
271,Denise Smith,hprice@example.com,2025-04-20,REGULAR
272,Elizabeth Hicks,hdavis@example.com,2025-12-05,VIP
273,Mary Bishop,shawn50@example.com,2025-05-29,PREMIUM
274,Tyler Cline,dillonedwards@example.com,2025-09-30,REGULAR
275,Kristina Ramirez,brownstacy@example.com,2026-01-02,REGULAR
276,Sheila Johnston,hannah25@example.net,2023-09-27,PREMIUM
277,Donald Brown,jenniferharris@example.org,2026-03-29,VIP
278,Denise Davis,curtislarry@example.com,2025-09-07,VIP
279,Nicholas Moore,tylercain@example.net,2024-08-28,VIP
280,Justin Henry,fspencer@example.net,2024-01-02,PREMIUM
281,Robert Hurst,julie87@example.com,2025-07-25,PREMIUM
282,Walter Garcia,paul75@example.org,2025-01-07,VIP
283,Ian Woodard,steven45@example.org,2023-11-08,REGULAR
284,Justin Clark,jasonstrong@example.org,2025-11-25,PREMIUM
285,Amy Brown,berrymark@example.org,2024-07-22,PREMIUM
286,Kevin Woods,laurievalenzuela@example.net,2023-12-14,PREMIUM
287,Alicia Little,zachary21@example.org,2025-09-25,VIP
288,Lisa Francis,erin76@example.com,2026-06-20,REGULAR
289,Ashlee Nichols,dlopez@example.org,2024-11-01,REGULAR
290,Cole Gardner,amymiles@example.com,2024-11-18,PREMIUM
291,Sean Davis,alejandro27@example.org,2024-01-05,VIP
292,Karen Gonzales,kristina03@example.net,2023-08-28,VIP
293,Anthony Morrison,ibaker@example.net,2024-05-07,REGULAR
294,Jacqueline Flores,martin95@example.org,2025-06-08,REGULAR
295,Hailey Alexander,hilltyler@example.net,2024-09-07,REGULAR
296,Joshua Carter PhD,rharrison@example.org,2026-04-20,PREMIUM
297,Derrick Henry,rfuller@example.com,2024-06-22,PREMIUM
298,Ralph Watts,brownsusan@example.com,2024-12-24,VIP
299,Brendan Franklin,marthawatts@example.net,2025-11-04,REGULAR
300,Shawn Taylor,kmullins@example.net,2026-01-10,VIP
301,Andrew Park,brianwarner@example.net,2023-10-06,VIP
302,Susan Gomez,richard94@example.com,2023-09-08,REGULAR
303,Curtis Murphy,jennifer44@example.net,2023-07-17,REGULAR
304,Christopher Russell,adam62@example.net,2023-07-13,PREMIUM
305,Travis Brandt,kenneth95@example.com,2025-01-14,VIP
306,James Simon,ericlawson@example.com,2026-06-13,VIP
307,Amanda Jones,pcampbell@example.net,2024-04-11,REGULAR
308,Alexander Cooper,pvasquez@example.org,2024-04-01,VIP
309,John Rodriguez,sjohnson@example.org,2026-02-14,VIP
310,Amanda Howard,evan30@example.org,2024-01-01,PREMIUM
311,Michael Guzman,mortonstephanie@example.com,2026-06-24,VIP
312,Chad Patel,rodney88@example.com,2025-09-07,REGULAR
313,Robert Robinson,justinjones@example.com,2026-07-02,VIP
314,David Harris,jessica69@example.org,2023-09-06,REGULAR
315,Sharon Mitchell,zblackwell@example.com,2025-07-08,REGULAR
316,Laurie Shelton,zacharyaustin@example.org,2026-05-28,PREMIUM
317,Mary Taylor,kim59@example.com,2023-07-21,PREMIUM
318,Michael Larson,turneralexander@example.net,2024-02-27,REGULAR
319,Barry Simpson,grantjordan@example.net,2024-09-25,REGULAR
320,Carrie Flynn,gilbertamanda@example.org,2023-10-12,PREMIUM
321,Melanie Terrell,tyroneingram@example.org,2024-02-15,REGULAR
322,Justin Grimes,jason24@example.org,2024-11-01,PREMIUM
323,Jordan White,mhebert@example.com,2024-06-19,VIP
324,Johnny Ewing,jillguerra@example.com,2023-12-11,VIP
325,Marissa Lewis,richardwilliams@example.com,2025-05-25,PREMIUM
326,Jeremy Hancock,xyz@yahoo,2023-09-20,REGULAR
327,Timothy Williams,alexandra26@example.net,2026-06-14,PREMIUM
328,Adam Ortega,jessica15@example.org,2023-12-29,PREMIUM
329,Katherine Davis,blee@example.org,2025-07-06,REGULAR
330,Lisa Torres,harpermisty@example.org,2024-01-06,VIP
331,John Flores,lukediaz@example.com,2026-05-05,REGULAR
332,Rachel Valdez MD,craig23@example.net,2025-01-29,PREMIUM
333,Tammy Fischer,moorejeffrey@example.org,2023-11-22,VIP
334,Sarah Murphy,evansamanda@example.org,2025-01-08,REGULAR
335,Kelly Hawkins,zfleming@example.com,2026-07-03,VIP
336,Zachary Kelley,tbarnes@example.com,2023-08-31,VIP
337,Paula Davis,gary19@example.net,2024-01-31,REGULAR
338,Emily Marks,bdaniels@example.org,2023-12-29,VIP
339,Tina Huynh,michaeljordan@example.com,2024-11-29,REGULAR
340,David Campbell,linda85@example.org,2024-06-02,PREMIUM
341,Joanne Davies,margaret61@example.org,2026-06-09,VIP
342,Joshua Cook,rhill@example.net,2024-04-23,PREMIUM
343,Chad Cook,abcgmail.com,2024-06-10,PREMIUM
344,Yesenia Carpenter,browningholly@example.org,2025-02-25,VIP
345,Thomas Patterson,adkinskathryn@example.org,2025-06-29,VIP
346,Patricia Bailey,fosternicholas@example.net,2023-07-21,VIP
347,Christina Palmer,lthomas@example.net,2024-01-22,PREMIUM
348,Christina Joseph,blittle@example.net,2025-07-04,VIP
349,George Burgess,ugray@example.org,2024-07-14,PREMIUM
350,Kathryn Rubio,dmurray@example.com,2025-08-24,PREMIUM
351,Jodi Thompson,christopher28@example.org,2025-06-04,REGULAR
352,Cody Smith,burkebrian@example.net,2023-08-19,REGULAR
353,Micheal Porter,johnstonmichael@example.org,2025-05-05,PREMIUM
354,Sarah Garza,whitney03@example.net,2023-11-08,PREMIUM
355,Charles Leblanc,steven15@example.com,2024-06-22,VIP
356,Robert Santiago,lpowell@example.org,2024-11-19,PREMIUM
357,Christopher Holden,amberdunlap@example.net,2025-12-14,VIP
358,Katherine Marquez,brendancherry@example.net,2026-05-03,PREMIUM
359,Shannon Collins,dawsonpatrick@example.com,2025-09-10,PREMIUM
360,Dana Ortiz,vjenkins@example.com,2026-03-01,REGULAR
361,Troy Morris,daniel46@example.com,2023-07-22,VIP
362,Kathleen Collins,kevinalvarado@example.org,2025-09-08,VIP
363,Mrs. Elizabeth Smith,hpeterson@example.org,2023-12-16,VIP
364,Justin Livingston,mflores@example.com,2025-02-26,REGULAR
365,Brandon Reed,morgandebra@example.net,2025-05-26,PREMIUM
366,Robert Thompson,burgessdavid@example.com,2026-01-08,PREMIUM
367,Corey Franklin,paula84@example.com,2024-12-16,VIP
368,Dalton Smith,hermanjordan@example.net,2024-01-12,REGULAR
369,Richard Lopez Jr.,miranda99@example.net,2025-01-05,PREMIUM
370,Jay Chavez,fnelson@example.com,2025-10-26,VIP
371,Paul Garcia,allisonlewis@example.com,2025-02-05,PREMIUM
372,Randy Harris,ryanellis@example.org,2024-05-12,PREMIUM
373,Anthony Foster,rwoodard@example.com,2026-02-25,PREMIUM
374,Michelle Becker,andrew38@example.com,2024-05-08,REGULAR
375,Jared Smith,comptonsteven@example.org,2026-02-11,PREMIUM
376,James Nguyen,gonzalezwesley@example.com,2025-12-11,PREMIUM
377,Tracy Brock,richard98@example.org,2024-04-27,PREMIUM
378,Mikayla Anderson,michaelblackburn@example.org,2025-08-31,PREMIUM
379,Tina Flores,phillipsgabriel@example.org,2023-09-08,VIP
380,Mark Murphy,juanellis@example.org,2024-04-20,REGULAR
381,Brian Norman,hollowaystacy@example.net,2024-04-06,REGULAR
382,Richard Miller,fieldsadrienne@example.org,2026-02-24,REGULAR
383,John Lee,qday@example.net,2024-09-02,PREMIUM
384,Laura Mullins,ldominguez@example.net,2023-09-30,PREMIUM
385,Jessica Ortiz,yfreeman@example.net,2026-02-08,VIP
386,Lisa Robinson,hharris@example.com,2024-02-22,VIP
387,William Johnson,steve07@example.org,2026-03-11,PREMIUM
388,Christopher Moore,janecordova@example.com,2024-04-05,PREMIUM
389,Edward Roberts,scottjohn@example.org,2024-04-05,REGULAR
390,Kayla Mccormick,ricardosullivan@example.org,2024-07-08,VIP
391,Jeffrey Jones,nicholsonjennifer@example.com,2023-12-26,PREMIUM
392,Norma Gardner,amyesparza@example.net,2025-05-21,VIP
393,Cynthia Fox,jmaxwell@example.org,2026-01-15,REGULAR
394,Jesse Moore,jessica32@example.org,2024-10-04,PREMIUM
395,Kimberly Henderson,kimberly17@example.org,2024-06-17,PREMIUM
396,Johnny Jackson,justin38@example.net,2026-01-06,REGULAR
397,Elizabeth Beck,uclark@example.com,2025-04-09,PREMIUM
398,David Wilcox,cgrant@example.org,2025-09-20,VIP
399,Richard Carpenter,waltersmatthew@example.org,2025-12-20,VIP
400,Tiffany Page,sarahdiaz@example.com,2024-11-26,VIP
401,Ryan Castillo,johnhoffman@example.com,2026-04-12,PREMIUM
402,Karen Wilcox,lindseyroberts@example.org,2025-08-13,PREMIUM
403,Gregg Ballard,stevenmoreno@example.com,2025-02-28,VIP
404,Miranda Cortez,lthompson@example.org,2024-06-28,VIP
405,Timothy Hess,johnsoncarrie@example.com,2024-08-01,PREMIUM
406,Caitlin Carroll,miguel41@example.net,2024-02-16,PREMIUM
407,Tyler Marshall,wagnercameron@example.org,2025-04-18,VIP
408,Kimberly Hopkins,wadewilliam@example.com,2023-12-24,VIP
409,Virginia Powers,lori78@example.net,2025-11-23,REGULAR
410,Emily Cole,wademichelle@example.org,2024-12-24,PREMIUM
411,Jaclyn George DVM,kelly58@example.net,2023-10-05,VIP
412,Debra Davis,townsendmatthew@example.net,2023-09-01,REGULAR
413,Cameron Cabrera,david83@example.com,2024-08-14,VIP
414,Maxwell Freeman,edavis@example.org,2023-11-05,REGULAR
415,Dennis Jones,christopherrichards@example.org,2023-09-23,PREMIUM
416,Elizabeth Weeks,sandy23@example.net,2025-06-30,REGULAR
417,Lori Reid,daniel49@example.org,2025-01-23,REGULAR
418,Courtney Cruz,dunlapcourtney@example.com,2024-11-27,PREMIUM
419,Candace Parks,jamie88@example.net,2025-10-21,REGULAR
420,Jennifer Brown,josephlee@example.org,2024-12-19,PREMIUM
421,Anthony Hogan,lgood@example.net,2024-02-18,PREMIUM
422,Julie Richards,adam33@example.net,2025-08-26,VIP
423,Jason Ballard,alexis43@example.net,2023-09-25,PREMIUM
424,Scott Barron,christine38@example.com,2024-08-07,REGULAR
425,John Delgado,velasquezjoseph@example.net,2025-12-30,REGULAR
426,Karen Mills,uturner@example.com,2024-09-13,REGULAR
427,Samantha Nelson,nelsonkevin@example.com,2024-12-13,REGULAR
428,Carol Norman,samantha02@example.com,2025-05-29,REGULAR
429,Tommy Cohen,christophermejia@example.com,2023-08-31,REGULAR
430,Melody Johnson,samuel71@example.org,2024-01-18,REGULAR
431,Terri Bond,abcgmail.com,2025-07-30,VIP
432,Aaron Davis,ssanchez@example.com,2025-09-23,PREMIUM
433,Danielle Moss,haneybrian@example.net,2025-04-19,PREMIUM
434,Patrick Wang,xjackson@example.com,2024-11-12,PREMIUM
435,Danielle Reed,gturner@example.com,2024-07-23,REGULAR
436,Lisa Strong,brooksmichael@example.net,2024-10-04,VIP
437,Cody Smith,arogers@example.com,2025-07-09,REGULAR
438,Claudia Ross,michellecruz@example.net,2024-03-09,PREMIUM
439,Karen Scott,krystal81@example.com,2025-01-22,PREMIUM
440,Melanie Price,cvelazquez@example.net,2026-05-22,PREMIUM
441,Michael Kim,dmelendez@example.org,2024-07-07,VIP
442,Deanna Thompson,tjones@example.net,2025-12-14,VIP
443,Stephen Alexander,jacqueline38@example.net,2025-02-03,PREMIUM
444,Patrick Buckley,desireenielsen@example.com,2024-03-06,REGULAR
445,Matthew Brown,aaronjefferson@example.org,2024-12-23,VIP
446,Philip Ross,burtonedward@example.com,2024-08-22,VIP
447,Lacey Gentry,ddavis@example.org,2024-05-25,REGULAR
448,Mary Jackson,jamesdonna@example.org,2024-05-09,PREMIUM
449,Timothy Zamora,juan67@example.com,2023-07-24,VIP
450,Paige Scott,joel74@example.net,2025-03-26,PREMIUM
451,Sherry Salas,xwarren@example.com,2025-10-11,VIP
452,Bryan George PhD,kimberlybrown@example.com,2024-10-24,VIP
453,Mike Wilson,carrollamy@example.net,2023-12-08,REGULAR
454,Pamela Yoder,teresa96@example.net,2024-08-06,REGULAR
455,Sergio Blair,ronald22@example.com,2023-09-10,PREMIUM
456,Jacob Brown,dwest@example.com,2026-02-15,VIP
457,Sara Martinez,danielsmark@example.net,2026-01-11,VIP
458,Mr. John Oneal,melissa30@example.org,2023-12-29,VIP
459,Casey Porter,maryhendrix@example.net,2024-05-14,PREMIUM
460,Angela Owens,allison26@example.org,2023-12-17,PREMIUM
461,Robert Allen,jessica51@example.net,2026-02-18,REGULAR
462,Karen White,swilson@example.net,2023-11-14,PREMIUM
463,Thomas Parker,jasminekelly@example.com,2023-07-31,PREMIUM
464,Karen Williams,kimberly89@example.com,2023-12-23,PREMIUM
465,Michael Chan,manntraci@example.com,2024-08-19,VIP
466,Jacob Phillips,todd65@example.net,2026-04-10,PREMIUM
467,Marc Dodson,bondgina@example.net,2024-03-25,PREMIUM
468,Felicia Mcbride,warnerdonald@example.com,2024-10-26,PREMIUM
469,Michael Vazquez,jerry36@example.org,2025-08-24,REGULAR
470,Kathy Phillips,melissa28@example.net,2024-11-15,REGULAR
471,Maria Johnson,ballen@example.com,2024-07-04,VIP
472,Robert Martinez,snewman@example.net,2026-04-14,REGULAR
473,Kelli Chavez,gene26@example.net,2024-11-14,PREMIUM
474,Jason Howell,sarahpope@example.org,2023-10-03,VIP
475,Michael Carr,imeyers@example.net,2024-10-07,VIP
476,Richard Guzman,oscott@example.net,2026-06-03,VIP
477,Sean Moore,marshallmark@example.com,2024-08-19,REGULAR
478,Kara Jones,gonzalesvirginia@example.org,2026-07-04,VIP
479,Amy Hall,michelle05@example.org,2023-10-04,VIP
480,Johnny Chase,andrew16@example.org,2024-04-22,PREMIUM
481,Sean Smith,ukirby@example.org,2025-09-20,PREMIUM
482,Nancy Lawson,zchen@example.net,2023-08-21,REGULAR
483,Mrs. Kaitlyn Wilson MD,maxwellmoore@example.org,2023-08-03,REGULAR
484,Brittany Hill,williamdavis@example.org,2024-03-24,VIP
485,John May,hollandpaul@example.com,2025-02-28,REGULAR
486,Bobby Knight,jparker@example.net,2023-08-26,PREMIUM
487,Gilbert Green,dsmith@example.net,2025-12-26,REGULAR
488,Laura Harris,angelahicks@example.net,2025-01-02,PREMIUM
489,Sandra Griffin,julia18@example.org,2023-11-20,VIP
490,Erin Hernandez,kurttucker@example.org,2025-05-22,REGULAR
491,Patricia Bean,mccarthyblake@example.net,2024-06-07,PREMIUM
492,David Greene,abcgmail.com,2023-07-15,PREMIUM
493,Scott Smith,david96@example.com,2024-06-26,REGULAR
494,Felicia Myers,simpsondanielle@example.net,2025-08-16,VIP
495,Laura Orr,igarcia@example.net,2024-06-02,VIP
496,Richard Reynolds,jonesmike@example.com,2025-09-25,VIP
497,Anthony Cooper,millerjames@example.net,2025-04-16,VIP
498,Jonathon Cooke,tammy53@example.org,2023-11-29,PREMIUM
499,Courtney Evans,anna57@example.org,2024-09-08,PREMIUM
500,Chris Koch,harrisonmegan@example.net,2024-01-15,PREMIUM
